{
    "name": "root",
    "metadata": {
        "timer_format_version": "0.1.0",
        "start_time_seconds": "1644691608",
        "python_version": "3.6.13 |Anaconda, Inc.| (default, Mar 16 2021, 11:37:27) [MSC v.1916 64 bit (AMD64)]",
        "command_line_arguments": "C:\\Users\\beake\\anaconda3\\envs\\ml-agents\\Scripts\\mlagents-learn --run-id=training_run --resume .\\mlagents-config.yaml",
        "mlagents_version": "0.28.0",
        "mlagents_envs_version": "0.28.0",
        "communication_protocol_version": "1.5.0",
        "pytorch_version": "1.7.1+cu110",
        "numpy_version": "1.19.5",
        "end_time_seconds": "1644691645"
    },
    "total": 36.3695575,
    "count": 1,
    "self": 0.008786399999998196,
    "children": {
        "run_training.setup": {
            "total": 0.0850609,
            "count": 1,
            "self": 0.0850609
        },
        "TrainerController.start_learning": {
            "total": 36.2757102,
            "count": 1,
            "self": 0.07527669999989683,
            "children": {
                "TrainerController._reset_env": {
                    "total": 5.862335099999999,
                    "count": 2,
                    "self": 5.862335099999999
                },
                "TrainerController.advance": {
                    "total": 30.113232300000107,
                    "count": 4120,
                    "self": 0.06943829999997675,
                    "children": {
                        "env_step": {
                            "total": 28.936541000000112,
                            "count": 4120,
                            "self": 21.47012190000027,
                            "children": {
                                "SubprocessEnvManager._take_step": {
                                    "total": 7.424821799999851,
                                    "count": 4120,
                                    "self": 0.33626829999986985,
                                    "children": {
                                        "TorchPolicy.evaluate": {
                                            "total": 7.088553499999981,
                                            "count": 8240,
                                            "self": 0.8882410999999646,
                                            "children": {
                                                "TorchPolicy.sample_actions": {
                                                    "total": 6.2003124000000165,
                                                    "count": 8240,
                                                    "self": 6.2003124000000165
                                                }
                                            }
                                        }
                                    }
                                },
                                "workers": {
                                    "total": 0.04159729999999229,
                                    "count": 4119,
                                    "self": 0.0,
                                    "children": {
                                        "worker_root": {
                                            "total": 28.45397179999997,
                                            "count": 4119,
                                            "is_parallel": true,
                                            "self": 14.37778200000001,
                                            "children": {
                                                "steps_from_proto": {
                                                    "total": 0.0010078000000001393,
                                                    "count": 4,
                                                    "is_parallel": true,
                                                    "self": 0.0003597999999993036,
                                                    "children": {
                                                        "_process_rank_one_or_two_observation": {
                                                            "total": 0.0006480000000008357,
                                                            "count": 8,
                                                            "is_parallel": true,
                                                            "self": 0.0006480000000008357
                                                        }
                                                    }
                                                },
                                                "UnityEnvironment.step": {
                                                    "total": 14.075181999999959,
                                                    "count": 4119,
                                                    "is_parallel": true,
                                                    "self": 0.42648199999972114,
                                                    "children": {
                                                        "UnityEnvironment._generate_step_input": {
                                                            "total": 0.2528827000000273,
                                                            "count": 4119,
                                                            "is_parallel": true,
                                                            "self": 0.2528827000000273
                                                        },
                                                        "communicator.exchange": {
                                                            "total": 11.505349300000123,
                                                            "count": 4119,
                                                            "is_parallel": true,
                                                            "self": 11.505349300000123
                                                        },
                                                        "steps_from_proto": {
                                                            "total": 1.8904680000000873,
                                                            "count": 8238,
                                                            "is_parallel": true,
                                                            "self": 0.5912532000001347,
                                                            "children": {
                                                                "_process_rank_one_or_two_observation": {
                                                                    "total": 1.2992147999999526,
                                                                    "count": 16476,
                                                                    "is_parallel": true,
                                                                    "self": 1.2992147999999526
                                                                }
                                                            }
                                                        }
                                                    }
                                                }
                                            }
                                        }
                                    }
                                }
                            }
                        },
                        "trainer_advance": {
                            "total": 1.1072530000000187,
                            "count": 4119,
                            "self": 0.1957333000000867,
                            "children": {
                                "process_trajectory": {
                                    "total": 0.911519699999932,
                                    "count": 4119,
                                    "self": 0.911519699999932
                                }
                            }
                        }
                    }
                },