{
    "name": "root",
    "gauges": {
        "15robot.Policy.Entropy.mean": {
            "value": 1.4174984693527222,
            "min": 1.4174984693527222,
            "max": 1.4196927547454834,
            "count": 11
        },
        "15robot.Policy.Entropy.sum": {
            "value": 35718.125,
            "min": 35718.125,
            "max": 35776.2578125,
            "count": 11
        },
        "15robot.Step.mean": {
            "value": 138574.0,
            "min": 12575.0,
            "max": 138574.0,
            "count": 11
        },
        "15robot.Step.sum": {
            "value": 138574.0,
            "min": 12575.0,
            "max": 138574.0,
            "count": 11
        },
        "15robot.Policy.ExtrinsicValueEstimate.mean": {
            "value": -0.2653682827949524,
            "min": -0.2653682827949524,
            "max": 0.3171922564506531,
            "count": 11
        },
        "15robot.Policy.ExtrinsicValueEstimate.sum": {
            "value": -54.135128021240234,
            "min": -54.135128021240234,
            "max": 64.70722198486328,
            "count": 11
        },
        "15robot.Environment.EpisodeLength.mean": {
            "value": 1027.5833333333333,
            "min": 1027.5833333333333,
            "max": 1049.0833333333333,
            "count": 11
        },
        "15robot.Environment.EpisodeLength.sum": {
            "value": 24662.0,
            "min": 24662.0,
            "max": 25178.0,
            "count": 11
        },
        "15robot.Self-play.ELO.mean": {
            "value": 1200.0,
            "min": 1200.0,
            "max": 1200.0,
            "count": 11
        },
        "15robot.Self-play.ELO.sum": {
            "value": 14400.0,
            "min": 14400.0,
            "max": 14400.0,
            "count": 11
        },
        "15robot.Environment.CumulativeReward.mean": {
            "value": -3.5,
            "min": -4.75,
            "max": 7.0,
            "count": 11
        },
        "15robot.Environment.CumulativeReward.sum": {
            "value": -42.0,
            "min": -57.0,
            "max": 84.0,
            "count": 11
        },
        "15robot.Policy.ExtrinsicReward.mean": {
            "value": -3.5,
            "min": -4.75,
            "max": 7.0,
            "count": 11
        },
        "15robot.Policy.ExtrinsicReward.sum": {
            "value": -42.0,
            "min": -57.0,
            "max": 84.0,
            "count": 11
        },
        "15robot.IsTraining.mean": {
            "value": 1.0,
            "min": 1.0,
            "max": 1.0,
            "count": 11
        },
        "15robot.IsTraining.sum": {
            "value": 1.0,
            "min": 1.0,
            "max": 1.0,
            "count": 11
        },
        "15robot.Losses.PolicyLoss.mean": {
            "value": 0.02911569473023216,
            "min": 0.019808173514320515,
            "max": 0.02911569473023216,
            "count": 10
        },
        "15robot.Losses.PolicyLoss.sum": {
            "value": 0.02911569473023216,
            "min": 0.019808173514320515,
            "max": 0.02911569473023216,
            "count": 10
        },
        "15robot.Losses.ValueLoss.mean": {
            "value": 0.16094027490665516,
            "min": 0.04060547108141085,
            "max": 0.16094027490665516,
            "count": 10
        },
        "15robot.Losses.ValueLoss.sum": {
            "value": 0.16094027490665516,
            "min": 0.04060547108141085,
            "max": 0.16094027490665516,
            "count": 10
        },
        "15robot.Policy.LearningRate.mean": {
            "value": 0.0001,
            "min": 0.0001,
            "max": 0.0001,
            "count": 10
        },
        "15robot.Policy.LearningRate.sum": {
            "value": 0.0001,
            "min": 0.0001,
            "max": 0.0001,
            "count": 10
        },
        "15robot.Policy.Epsilon.mean": {
            "value": 0.20000000000000004,
            "min": 0.20000000000000004,
            "max": 0.20000000000000004,
            "count": 10
        },
        "15robot.Policy.Epsilon.sum": {
            "value": 0.20000000000000004,
            "min": 0.20000000000000004,
            "max": 0.20000000000000004,
            "count": 10
        },
        "15robot.Policy.Beta.mean": {
            "value": 0.005,
            "min": 0.005,
            "max": 0.005,
            "count": 10
        },
        "15robot.Policy.Beta.sum": {
            "value": 0.005,
            "min": 0.005,
            "max": 0.005,
            "count": 10
        }
    },
    "metadata": {
        "timer_format_version": "0.1.0",
        "start_time_seconds": "1644308387",
        "python_version": "3.6.13 |Anaconda, Inc.| (default, Jun  4 2021, 14:25:59) \n[GCC 7.5.0]",
        "command_line_arguments": "/home/sagar/miniconda3/envs/mlagents/bin/mlagents-learn mlagents-config.yaml",
        "mlagents_version": "0.28.0",
        "mlagents_envs_version": "0.28.0",
        "communication_protocol_version": "1.5.0",
        "pytorch_version": "1.8.1+cu102",
        "numpy_version": "1.19.5",
        "end_time_seconds": "1644310230"
    },
    "total": 1842.6402640699998,
    "count": 1,
    "self": 0.0047938569987309165,
    "children": {
        "run_training.setup": {
            "total": 0.012498266001784941,
            "count": 1,
            "self": 0.012498266001784941
        },
        "TrainerController.start_learning": {
            "total": 1842.6229719469993,
            "count": 1,
            "self": 3.6745662294233625,
            "children": {
                "TrainerController._reset_env": {
                    "total": 5.272946266999497,
                    "count": 6,
                    "self": 5.272946266999497
                },
                "TrainerController.advance": {
                    "total": 1833.4924037015771,
                    "count": 146839,
                    "self": 3.3159040830723825,
                    "children": {
                        "env_step": {
                            "total": 1737.1866331286983,
                            "count": 146839,
                            "self": 1457.9256023857852,
                            "children": {
                                "SubprocessEnvManager._take_step": {
                                    "total": 277.12322984657294,
                                    "count": 146839,
                                    "self": 17.68690063792019,
                                    "children": {
                                        "TorchPolicy.evaluate": {
                                            "total": 259.43632920865275,
                                            "count": 293440,
                                            "self": 36.20302983331203,
                                            "children": {
                                                "TorchPolicy.sample_actions": {
                                                    "total": 223.23329937534072,
                                                    "count": 293440,
                                                    "self": 223.23329937534072
                                                }
                                            }
                                        }
                                    }
                                },
                                "workers": {
                                    "total": 2.1378008963401953,
                                    "count": 146838,
                                    "self": 0.0,
                                    "children": {
                                        "worker_root": {
                                            "total": 1832.2588341569826,
                                            "count": 146838,
                                            "is_parallel": true,