{
    "name": "root",
    "gauges": {
        "15robot.Policy.Entropy.mean": {
            "value": 1.423351764678955,
            "min": 1.4189382791519165,
            "max": 1.423351764678955,
            "count": 13
        },
        "15robot.Policy.Entropy.sum": {
            "value": 35868.46484375,
            "min": 35760.08203125,
            "max": 35868.46484375,
            "count": 13
        },
        "15robot.Step.mean": {
            "value": 163774.0,
            "min": 12575.0,
            "max": 163774.0,
            "count": 13
        },
        "15robot.Step.sum": {
            "value": 163774.0,
            "min": 12575.0,
            "max": 163774.0,
            "count": 13
        },
        "15robot.Policy.ExtrinsicValueEstimate.mean": {
            "value": -4.247310161590576,
            "min": -6.192445278167725,
            "max": -0.024809222668409348,
            "count": 13
        },
        "15robot.Policy.ExtrinsicValueEstimate.sum": {
            "value": -866.4512939453125,
            "min": -1263.2587890625,
            "max": -5.036272048950195,
            "count": 13
        },
        "15robot.Environment.EpisodeLength.mean": {
            "value": 1022.3333333333334,
            "min": 1022.3333333333334,
            "max": 1049.0833333333333,
            "count": 13
        },
        "15robot.Environment.EpisodeLength.sum": {
            "value": 24536.0,
            "min": 24536.0,
            "max": 25178.0,
            "count": 13
        },
        "15robot.Self-play.ELO.mean": {
            "value": 1191.1580993181108,
            "min": 1191.1580993181108,
            "max": 1197.2391596848165,
            "count": 13
        },
        "15robot.Self-play.ELO.sum": {
            "value": 14293.89719181733,
            "min": 14293.89719181733,
            "max": 14366.869916217798,
            "count": 13
        },
        "15robot.Environment.CumulativeReward.mean": {
            "value": -92.41666666666667,
            "min": -99.66666666666667,
            "max": -75.0,
            "count": 13
        },
        "15robot.Environment.CumulativeReward.sum": {
            "value": -1109.0,
            "min": -1196.0,
            "max": -897.0,
            "count": 13
        },
        "15robot.Policy.ExtrinsicReward.mean": {
            "value": -92.41666666666667,
            "min": -99.66666666666667,
            "max": -75.0,
            "count": 13
        },
        "15robot.Policy.ExtrinsicReward.sum": {
            "value": -1109.0,
            "min": -1196.0,
            "max": -897.0,
            "count": 13
        },
        "15robot.IsTraining.mean": {
            "value": 1.0,
            "min": 1.0,
            "max": 1.0,
            "count": 13
        },
        "15robot.IsTraining.sum": {
            "value": 1.0,
            "min": 1.0,
            "max": 1.0,
            "count": 13
        },
        "15robot.Losses.PolicyLoss.mean": {
            "value": 0.025748312725530315,
            "min": 0.01630810044783478,
            "max": 0.025748312725530315,
            "count": 12
        },
        "15robot.Losses.PolicyLoss.sum": {
            "value": 0.025748312725530315,
            "min": 0.01630810044783478,
            "max": 0.025748312725530315,
            "count": 12
        },
        "15robot.Losses.ValueLoss.mean": {
            "value": 66.91851568222046,
            "min": 44.19803055127462,
            "max": 72.64118560155232,
            "count": 12
        },
        "15robot.Losses.ValueLoss.sum": {
            "value": 66.91851568222046,
            "min": 44.19803055127462,
            "max": 72.64118560155232,
            "count": 12
        },
        "15robot.Policy.LearningRate.mean": {
            "value": 0.0001,
            "min": 0.0001,
            "max": 0.0001,
            "count": 12
        },
        "15robot.Policy.LearningRate.sum": {
            "value": 0.0001,
            "min": 0.0001,
            "max": 0.0001,
            "count": 12
        },
        "15robot.Policy.Epsilon.mean": {
            "value": 0.20000000000000004,
            "min": 0.20000000000000004,
            "max": 0.20000000000000004,
            "count": 12
        },
        "15robot.Policy.Epsilon.sum": {
            "value": 0.20000000000000004,
            "min": 0.20000000000000004,
            "max": 0.20000000000000004,
            "count": 12
        },
        "15robot.Policy.Beta.mean": {
            "value": 0.005,
            "min": 0.005,
            "max": 0.005,
            "count": 12
        },
        "15robot.Policy.Beta.sum": {
            "value": 0.005,
            "min": 0.005,
            "max": 0.005,
            "count": 12
        }
    },
    "metadata": {
        "timer_format_version": "0.1.0",
        "start_time_seconds": "1644889512",
        "python_version": "3.6.13 |Anaconda, Inc.| (default, Mar 16 2021, 11:37:27) [MSC v.1916 64 bit (AMD64)]",
        "command_line_arguments": "C:\\Users\\beake\\anaconda3\\envs\\ml-agents\\Scripts\\mlagents-learn --run-id=2-14 .\\mlagents-config.yaml --force",
        "mlagents_version": "0.28.0",
        "mlagents_envs_version": "0.28.0",
        "communication_protocol_version": "1.5.0",
        "pytorch_version": "1.7.1+cu110",
        "numpy_version": "1.19.5",
        "end_time_seconds": "1644890852"
    },
    "total": 1341.2690478,
    "count": 1,
    "self": 10.007931399999734,
    "children": {
        "run_training.setup": {
            "total": 0.1056155,
            "count": 1,
            "self": 0.1056155
        },
        "TrainerController.start_learning": {
            "total": 1331.1555009,
            "count": 1,
            "self": 3.04943500005038,
            "children": {
                "TrainerController._reset_env": {
                    "total": 5.971717599999962,
                    "count": 7,
                    "self": 5.971717599999962
                },
                "TrainerController.advance": {
                    "total": 1321.4989138999497,
                    "count": 164704,
                    "self": 3.0234995999887815,
                    "children": {
                        "env_step": {
                            "total": 1110.6930271999772,
                            "count": 164704,
                            "self": 810.0871401999568,
                            "children": {
                                "SubprocessEnvManager._take_step": {
                                    "total": 298.71609650003126,
                                    "count": 164704,
                                    "self": 14.29959970001272,
                                    "children": {
                                        "TorchPolicy.evaluate": {
                                            "total": 284.41649680001854,
                                            "count": 329146,
                                            "self": 35.79500160000248,
                                            "children": {
                                                "TorchPolicy.sample_actions": {
                                                    "total": 248.62149520001606,
                                                    "count": 329146,
                                                    "self": 248.62149520001606
                                                }
                                            }
                                        }
                                    }
                                },
                                "workers": {
                                    "total": 1.8897904999891413,
                                    "count": 164703,
                                    "self": 0.0,
                                    "children": {
                                        "worker_root": {
                                            "total": 1322.902331099963,