{"count":1,"self":364.5073152,"total":747.960654,"children":{"InitializeActuators":{"count":2,"self":0.001192,"total":0.001192,"children":null},"InitializeSensors":{"count":2,"self":0.0016519999999999998,"total":0.0016519999999999998,"children":null},"AgentSendState":{"count":268267,"self":0.93839299999999992,"total":26.550371,"children":{"CollectObservations":{"count":107310,"self":19.6109856,"total":19.610985,"children":null},"WriteActionMask":{"count":107310,"self":0.095289,"total":0.095289,"children":null},"RequestDecision":{"count":107310,"self":0.49360099999999996,"total":5.905704,"children":{"AgentInfo.ToProto":{"count":107310,"self":0.543544,"total":5.412103,"children":{"GenerateSensorData":{"count":107310,"self":4.8685592,"total":4.8685589999999994,"children":null}}}}}}},"DecideAction":{"count":268267,"self":356.09748479999996,"total":356.097497,"children":null},"AgentAct":{"count":268267,"self":0.79834299999999991,"total":0.79834299999999991,"children":null},"AgentInfo.ToProto":{"count":102,"self":0.000441,"total":0.004248,"children":{"GenerateSensorData":{"count":102,"self":0.0038069999999999996,"total":0.0038069999999999996,"children":null}}}},"gauges":{"15robot.CumulativeReward":{"count":102,"max":20,"min":-20,"runningAverage":-2.08908428E-08,"value":8,"weightedAverage":0.6088081}},"metadata":{"timer_format_version":"0.1.0","start_time_seconds":"1644284901","unity_version":"2021.2.10f1","command_line_arguments":"\/home\/sagar\/Unity\/Hub\/Editor\/2021.2.10f1\/Editor\/Unity -projectpath \/home\/sagar\/Workspace\/VEXAI-Sim -useHub -hubIPC -cloudEnvironment production -licensingIpc LicenseClient-sagar -hubSessionId 176a08b0-887c-11ec-8738-770429b3fbf6 -accessToken 2aDh7gXm-f5okkVAHZH6CsQkJk3ZTwd-IU8KQM4Jpgk00cf","communication_protocol_version":"1.5.0","com.unity.ml-agents_version":"2.0.1","scene_name":"Game","end_time_seconds":"1644285649"}}