{"count":1,"self":1387.7783551999999,"total":3485.386076,"children":{"InitializeActuators":{"count":2,"self":0.001295,"total":0.001295,"children":null},"InitializeSensors":{"count":2,"self":0.0018529999999999998,"total":0.0018529999999999998,"children":null},"AgentSendState":{"count":1467351,"self":5.3451179999999994,"total":143.065953,"children":{"CollectObservations":{"count":586954,"self":103.3654528,"total":103.365451,"children":null},"WriteActionMask":{"count":586954,"self":0.51408599999999993,"total":0.51408599999999993,"children":null},"RequestDecision":{"count":586954,"self":2.5239949999999998,"total":33.841298,"children":{"AgentInfo.ToProto":{"count":586954,"self":3.051977,"total":31.317303,"children":{"GenerateSensorData":{"count":586954,"self":28.2653248,"total":28.265325999999998,"children":null}}}}}}},"DecideAction":{"count":1467351,"self":1950.2825472,"total":1950.282639,"children":null},"AgentAct":{"count":1467351,"self":4.230786,"total":4.230786,"children":null},"AgentInfo.ToProto":{"count":558,"self":0.0028539999999999998,"total":0.024568,"children":{"GenerateSensorData":{"count":558,"self":0.021714,"total":0.021714,"children":null}}}},"gauges":{"15robot.CumulativeReward":{"count":558,"max":27,"min":-27,"runningAverage":2.004096E-09,"value":2,"weightedAverage":0.5445775}},"metadata":{"timer_format_version":"0.1.0","start_time_seconds":"1644285651","unity_version":"2021.2.10f1","command_line_arguments":"\/home\/sagar\/Unity\/Hub\/Editor\/2021.2.10f1\/Editor\/Unity -projectpath \/home\/sagar\/Workspace\/VEXAI-Sim -useHub -hubIPC -cloudEnvironment production -licensingIpc LicenseClient-sagar -hubSessionId 176a08b0-887c-11ec-8738-770429b3fbf6 -accessToken 2aDh7gXm-f5okkVAHZH6CsQkJk3ZTwd-IU8KQM4Jpgk00cf","communication_protocol_version":"1.5.0","com.unity.ml-agents_version":"2.0.1","scene_name":"Game","end_time_seconds":"1644289136"}}