{
    "name": "root",
    "metadata": {
        "timer_format_version": "0.1.0",
        "start_time_seconds": "1645063392",
        "python_version": "3.6.13 |Anaconda, Inc.| (default, Mar 16 2021, 11:37:27) [MSC v.1916 64 bit (AMD64)]",
        "command_line_arguments": "C:\\Users\\beake\\anaconda3\\envs\\ml-agents\\Scripts\\mlagents-learn --run-id=2-16-test .\\mlagents-config.yaml",
        "mlagents_version": "0.28.0",
        "mlagents_envs_version": "0.28.0",
        "communication_protocol_version": "1.5.0",
        "pytorch_version": "1.7.1+cu110",
        "numpy_version": "1.19.5",
        "end_time_seconds": "1645063490"
    },
    "total": 98.1168231,
    "count": 1,
    "self": 0.007928100000000882,
    "children": {
        "run_training.setup": {
            "total": 0.1206111,
            "count": 1,
            "self": 0.1206111
        },
        "TrainerController.start_learning": {
            "total": 97.9882839,
            "count": 1,
            "self": 0.06792769999978532,
            "children": {
                "TrainerController._reset_env": {
                    "total": 8.2993471,
                    "count": 1,
                    "self": 8.2993471
                },
                "TrainerController.advance": {
                    "total": 89.15273770000022,
                    "count": 2793,
                    "self": 0.06836580000009462,
                    "children": {
                        "env_step": {
                            "total": 88.10821310000011,
                            "count": 2793,
                            "self": 80.27091859999999,
                            "children": {
                                "SubprocessEnvManager._take_step": {
                                    "total": 7.799428000000013,
                                    "count": 2793,
                                    "self": 0.4187335999999675,
                                    "children": {
                                        "TorchPolicy.evaluate": {
                                            "total": 7.380694400000046,
                                            "count": 5582,
                                            "self": 0.9597891999999248,
                                            "children": {
                                                "TorchPolicy.sample_actions": {
                                                    "total": 6.420905200000121,
                                                    "count": 5582,
                                                    "self": 6.420905200000121
                                                }
                                            }
                                        }
                                    }
                                },
                                "workers": {
                                    "total": 0.037866500000115266,
                                    "count": 2792,
                                    "self": 0.0,
                                    "children": {
                                        "worker_root": {
                                            "total": 30.23341709999997,
                                            "count": 2792,
                                            "is_parallel": true,
                                            "self": 15.531813999999912,
                                            "children": {
                                                "steps_from_proto": {
                                                    "total": 0.0028686,
                                                    "count": 2,
                                                    "is_parallel": true,
                                                    "self": 0.0004961999999999996,
                                                    "children": {
                                                        "_process_rank_one_or_two_observation": {
                                                            "total": 0.0023724,
                                                            "count": 4,
                                                            "is_parallel": true,
                                                            "self": 0.0023724
                                                        }
                                                    }
                                                },
                                                "UnityEnvironment.step": {
                                                    "total": 14.698734500000057,
                                                    "count": 2792,
                                                    "is_parallel": true,
                                                    "self": 0.4465856000000272,
                                                    "children": {
                                                        "UnityEnvironment._generate_step_input": {
                                                            "total": 0.2875335999999198,
                                                            "count": 2792,
                                                            "is_parallel": true,
                                                            "self": 0.2875335999999198
                                                        },
                                                        "communicator.exchange": {
                                                            "total": 12.198448400000048,
                                                            "count": 2792,
                                                            "is_parallel": true,
                                                            "self": 12.198448400000048
                                                        },
                                                        "steps_from_proto": {
                                                            "total": 1.7661669000000626,
                                                            "count": 5584,
                                                            "is_parallel": true,
                                                            "self": 0.5423962000002605,
                                                            "children": {
                                                                "_process_rank_one_or_two_observation": {
                                                                    "total": 1.2237706999998021,
                                                                    "count": 11168,
                                                                    "is_parallel": true,
                                                                    "self": 1.2237706999998021
                                                                }
                                                            }
                                                        }
                                                    }
                                                }
                                            }
                                        }
                                    }
                                }
                            }
                        },
                        "trainer_advance": {
                            "total": 0.9761588000000128,
                            "count": 2792,
                            "self": 0.19095260000009162,
                            "children": {
                                "process_trajectory": {
                                    "total": 0.7852061999999211,
                                    "count": 2792,
                                    "self": 0.7852061999999211
                                }
                            }
                        }
                    }
                },