{
    "name": "root",
    "metadata": {
        "timer_format_version": "0.1.0",
        "start_time_seconds": "1644637311",
        "python_version": "3.6.13 |Anaconda, Inc.| (default, Mar 16 2021, 11:37:27) [MSC v.1916 64 bit (AMD64)]",
        "command_line_arguments": "C:\\Users\\beake\\anaconda3\\envs\\ml-agents\\Scripts\\mlagents-learn --run-id=test2 .\\mlagents-config.yaml",
        "mlagents_version": "0.28.0",
        "mlagents_envs_version": "0.28.0",
        "communication_protocol_version": "1.5.0",
        "pytorch_version": "1.7.1+cu110",
        "numpy_version": "1.19.5",
        "end_time_seconds": "1644637388"
    },
    "total": 76.9556304,
    "count": 1,
    "self": 10.006006999999997,
    "children": {
        "run_training.setup": {
            "total": 0.0859082,
            "count": 1,
            "self": 0.0859082
        },
        "TrainerController.start_learning": {
            "total": 66.8637152,
            "count": 1,
            "self": 0.18607260000017334,
            "children": {
                "TrainerController._reset_env": {
                    "total": 8.426703700000001,
                    "count": 1,
                    "self": 8.426703700000001
                },
                "TrainerController.advance": {
                    "total": 58.11945069999982,
                    "count": 10390,
                    "self": 0.1751136000002802,
                    "children": {
                        "env_step": {
                            "total": 55.127951499999696,
                            "count": 10390,
                            "self": 44.63434849999963,
                            "children": {
                                "SubprocessEnvManager._take_step": {
                                    "total": 10.382160700000162,
                                    "count": 10391,
                                    "self": 0.47129580000017945,
                                    "children": {
                                        "TorchPolicy.evaluate": {
                                            "total": 9.910864899999982,
                                            "count": 10382,
                                            "self": 1.281903799999446,
                                            "children": {
                                                "TorchPolicy.sample_actions": {
                                                    "total": 8.628961100000536,
                                                    "count": 10382,
                                                    "self": 8.628961100000536
                                                }
                                            }
                                        }
                                    }
                                },
                                "workers": {
                                    "total": 0.11144229999989896,
                                    "count": 10389,
                                    "self": 0.0,
                                    "children": {
                                        "worker_root": {
                                            "total": 56.61615770000018,
                                            "count": 10389,
                                            "is_parallel": true,
                                            "self": 22.30621590000024,
                                            "children": {
                                                "steps_from_proto": {
                                                    "total": 0.0011390999999999999,
                                                    "count": 2,
                                                    "is_parallel": true,
                                                    "self": 0.0004532999999999998,
                                                    "children": {
                                                        "_process_rank_one_or_two_observation": {
                                                            "total": 0.0006858000000000001,
                                                            "count": 4,
                                                            "is_parallel": true,
                                                            "self": 0.0006858000000000001
                                                        }
                                                    }
                                                },
                                                "UnityEnvironment.step": {
                                                    "total": 34.30880269999994,
                                                    "count": 10389,
                                                    "is_parallel": true,
                                                    "self": 0.7805238999997854,
                                                    "children": {
                                                        "UnityEnvironment._generate_step_input": {
                                                            "total": 0.48783660000018997,
                                                            "count": 10389,
                                                            "is_parallel": true,
                                                            "self": 0.48783660000018997
                                                        },
                                                        "communicator.exchange": {
                                                            "total": 30.299879699999895,
                                                            "count": 10389,
                                                            "is_parallel": true,
                                                            "self": 30.299879699999895
                                                        },
                                                        "steps_from_proto": {
                                                            "total": 2.740562500000069,
                                                            "count": 10389,
                                                            "is_parallel": true,
                                                            "self": 0.8533832999997308,
                                                            "children": {
                                                                "_process_rank_one_or_two_observation": {
                                                                    "total": 1.8871792000003382,
                                                                    "count": 20778,
                                                                    "is_parallel": true,
                                                                    "self": 1.8871792000003382
                                                                }
                                                            }
                                                        }
                                                    }
                                                }
                                            }
                                        }
                                    }
                                }
                            }
                        },
                        "trainer_advance": {
                            "total": 2.8163855999998386,
                            "count": 10389,
                            "self": 0.42345919999985604,
                            "children": {
                                "process_trajectory": {
                                    "total": 2.3929263999999826,
                                    "count": 10389,
                                    "self": 2.3929263999999826
                                }
                            }
                        }
                    }
                },