{
    "name": "root",
    "gauges": {
        "15robot.Policy.Entropy.mean": {
            "value": 1.4292782545089722,
            "min": 1.419475793838501,
            "max": 1.4292782545089722,
            "count": 20
        },
        "15robot.Policy.Entropy.sum": {
            "value": 36017.8125,
            "min": 24937.3515625,
            "max": 36017.8125,
            "count": 20
        },
        "15robot.Step.mean": {
            "value": 327573.0,
            "min": 88174.0,
            "max": 327573.0,
            "count": 20
        },
        "15robot.Step.sum": {
            "value": 327573.0,
            "min": 88174.0,
            "max": 327573.0,
            "count": 20
        },
        "15robot.Policy.ExtrinsicValueEstimate.mean": {
            "value": -2.2478649616241455,
            "min": -7.754317283630371,
            "max": -1.898247480392456,
            "count": 20
        },
        "15robot.Policy.ExtrinsicValueEstimate.sum": {
            "value": -458.564453125,
            "min": -1581.8807373046875,
            "max": -365.7967834472656,
            "count": 20
        },
        "15robot.Environment.EpisodeLength.mean": {
            "value": 1049.0,
            "min": 1001.0,
            "max": 1049.0,
            "count": 20
        },
        "15robot.Environment.EpisodeLength.sum": {
            "value": 25176.0,
            "min": 16782.0,
            "max": 25176.0,
            "count": 20
        },
        "15robot.Self-play.ELO.mean": {
            "value": 1191.139701375951,
            "min": 1191.139701375951,
            "max": 1191.1397013759513,
            "count": 20
        },
        "15robot.Self-play.ELO.sum": {
            "value": 14293.676416511413,
            "min": 9529.11761100761,
            "max": 14293.676416511413,
            "count": 20
        },
        "15robot.Environment.CumulativeReward.mean": {
            "value": 5.916666666666667,
            "min": -99.58333333333333,
            "max": 5.916666666666667,
            "count": 20
        },
        "15robot.Environment.CumulativeReward.sum": {
            "value": 71.0,
            "min": -1195.0,
            "max": 71.0,
            "count": 20
        },
        "15robot.Policy.ExtrinsicReward.mean": {
            "value": 5.916666666666667,
            "min": -99.58333333333333,
            "max": 5.916666666666667,
            "count": 20
        },
        "15robot.Policy.ExtrinsicReward.sum": {
            "value": 71.0,
            "min": -1195.0,
            "max": 71.0,
            "count": 20
        },
        "15robot.IsTraining.mean": {
            "value": 1.0,
            "min": 1.0,
            "max": 1.0,
            "count": 20
        },
        "15robot.IsTraining.sum": {
            "value": 1.0,
            "min": 1.0,
            "max": 1.0,
            "count": 20
        },
        "15robot.Losses.PolicyLoss.mean": {
            "value": 0.017211630144932617,
            "min": 0.014961341337766498,
            "max": 0.03371724955892811,
            "count": 19
        },
        "15robot.Losses.PolicyLoss.sum": {
            "value": 0.017211630144932617,
            "min": 0.014961341337766498,
            "max": 0.03371724955892811,
            "count": 19
        },
        "15robot.Losses.ValueLoss.mean": {
            "value": 0.44320305809378624,
            "min": 0.44320305809378624,
            "max": 70.47407627105713,
            "count": 19
        },
        "15robot.Losses.ValueLoss.sum": {
            "value": 0.44320305809378624,
            "min": 0.44320305809378624,
            "max": 70.47407627105713,
            "count": 19
        },
        "15robot.Policy.LearningRate.mean": {
            "value": 0.0001,
            "min": 0.0001,
            "max": 0.0001,
            "count": 19
        },
        "15robot.Policy.LearningRate.sum": {
            "value": 0.0001,
            "min": 0.0001,
            "max": 0.0001,
            "count": 19
        },
        "15robot.Policy.Epsilon.mean": {
            "value": 0.20000000000000004,
            "min": 0.20000000000000004,
            "max": 0.20000000000000004,
            "count": 19
        },
        "15robot.Policy.Epsilon.sum": {
            "value": 0.20000000000000004,
            "min": 0.20000000000000004,
            "max": 0.20000000000000004,
            "count": 19
        },
        "15robot.Policy.Beta.mean": {
            "value": 0.005,
            "min": 0.005,
            "max": 0.005,
            "count": 19
        },
        "15robot.Policy.Beta.sum": {
            "value": 0.005,
            "min": 0.005,
            "max": 0.005,
            "count": 19
        }
    },
    "metadata": {
        "timer_format_version": "0.1.0",
        "start_time_seconds": "1645230417",
        "python_version": "3.6.13 |Anaconda, Inc.| (default, Mar 16 2021, 11:37:27) [MSC v.1916 64 bit (AMD64)]",
        "command_line_arguments": "C:\\Users\\beake\\anaconda3\\envs\\ml-agents\\Scripts\\mlagents-learn .\\mlagents-config.yaml --run-id=2-18 --resume",
        "mlagents_version": "0.28.0",
        "mlagents_envs_version": "0.28.0",
        "communication_protocol_version": "1.5.0",
        "pytorch_version": "1.7.1+cu110",
        "numpy_version": "1.19.5",
        "end_time_seconds": "1645232488"
    },
    "total": 2071.4057129000003,
    "count": 1,
    "self": 0.008815600000161794,
    "children": {
        "run_training.setup": {
            "total": 0.0865465,
            "count": 1,
            "self": 0.0865465
        },
        "TrainerController.start_learning": {
            "total": 2071.3103508,
            "count": 1,
            "self": 4.766735200043058,
            "children": {
                "TrainerController._reset_env": {
                    "total": 5.2896767000003315,
                    "count": 11,
                    "self": 5.2896767000003315
                },
                "TrainerController.advance": {
                    "total": 2060.350398599957,
                    "count": 248747,
                    "self": 4.47706819992527,
                    "children": {
                        "env_step": {
                            "total": 1899.9095093999988,
                            "count": 248747,
                            "self": 1421.7204611999614,
                            "children": {
                                "SubprocessEnvManager._take_step": {
                                    "total": 475.35278849998144,
                                    "count": 248747,
                                    "self": 22.014828700021894,
                                    "children": {
                                        "TorchPolicy.evaluate": {
                                            "total": 453.33795979995955,
                                            "count": 497118,
                                            "self": 56.973287499973765,
                                            "children": {
                                                "TorchPolicy.sample_actions": {
                                                    "total": 396.3646722999858,
                                                    "count": 497118,
                                                    "self": 396.3646722999858
                                                }
                                            }
                                        }
                                    }
                                },
                                "workers": {
                                    "total": 2.8362597000558427,
                                    "count": 248746,
                                    "self": 0.0,
                                    "children": {
                                        "worker_root": {
                                            "total": 2052.3390853999595,
                                            "count": 248746,